measurement,dbms,index_variant,kind,k,phase,run,lock_hold_ms,statement_ms,commit_ms,affected_rows,probe,wait_ms,remaining_hold_ms,outcome,outcome_detail,departed_before_commit,error
"lock_hold","MySQL","indexed","UPDATE","10","warmup","1","19.319","2.505","2.422","10","","","","","","",""
"lock_hold","MySQL","indexed","UPDATE","10","warmup","2","8.550","2.522","2.112","10","","","","","","",""
"lock_hold","MySQL","indexed","UPDATE","10","measured","3","5.368","1.238","1.723","10","","","","","","",""
"lock_hold","MySQL","indexed","UPDATE","10","measured","4","5.429","1.296","1.678","10","","","","","","",""
"lock_hold","MySQL","indexed","UPDATE","10","measured","5","5.003","1.270","1.281","10","","","","","","",""
"lock_hold","MySQL","indexed","UPDATE","10","measured","6","4.913","1.226","1.383","10","","","","","","",""
"lock_hold","MySQL","indexed","UPDATE","10","measured","7","7.251","1.214","3.697","10","","","","","","",""
"lock_hold","MySQL","indexed","UPDATE","10","measured","8","4.649","1.269","1.171","10","","","","","","",""
"lock_hold","MySQL","indexed","UPDATE","10","measured","9","5.313","1.256","1.714","10","","","","","","",""
"lock_hold","MySQL","indexed","UNCAPTURED","10","warmup","1","2.840","1.288","1.405","10","","","","","","",""
"lock_hold","MySQL","indexed","UNCAPTURED","10","warmup","2","2.267","1.055","1.189","10","","","","","","",""
"lock_hold","MySQL","indexed","UNCAPTURED","10","measured","3","2.958","1.469","1.460","10","","","","","","",""
"lock_hold","MySQL","indexed","UNCAPTURED","10","measured","4","2.980","1.303","1.655","10","","","","","","",""
"lock_hold","MySQL","indexed","UNCAPTURED","10","measured","5","2.576","1.156","1.390","10","","","","","","",""
"lock_hold","MySQL","indexed","UNCAPTURED","10","measured","6","2.994","1.314","1.636","10","","","","","","",""
"lock_hold","MySQL","indexed","UNCAPTURED","10","measured","7","2.625","1.323","1.279","10","","","","","","",""
"lock_hold","MySQL","indexed","UNCAPTURED","10","measured","8","2.770","1.357","1.393","10","","","","","","",""
"lock_hold","MySQL","indexed","UNCAPTURED","10","measured","9","2.764","1.318","1.414","10","","","","","","",""
"lock_hold","MySQL","indexed","UPDATE","100","warmup","1","8.570","1.194","3.314","100","","","","","","",""
"lock_hold","MySQL","indexed","UPDATE","100","warmup","2","6.781","1.324","1.618","100","","","","","","",""
"lock_hold","MySQL","indexed","UPDATE","100","measured","3","6.764","1.249","1.460","100","","","","","","",""
"lock_hold","MySQL","indexed","UPDATE","100","measured","4","6.316","1.220","1.506","100","","","","","","",""
"lock_hold","MySQL","indexed","UPDATE","100","measured","5","5.688","1.169","1.064","100","","","","","","",""
"lock_hold","MySQL","indexed","UPDATE","100","measured","6","6.452","1.434","1.745","100","","","","","","",""
"lock_hold","MySQL","indexed","UPDATE","100","measured","7","5.907","1.287","1.254","100","","","","","","",""
"lock_hold","MySQL","indexed","UPDATE","100","measured","8","21.443","1.390","16.488","100","","","","","","",""
"lock_hold","MySQL","indexed","UPDATE","100","measured","9","5.996","1.386","1.273","100","","","","","","",""
"lock_hold","MySQL","indexed","UNCAPTURED","100","warmup","1","6.641","1.704","4.912","100","","","","","","",""
"lock_hold","MySQL","indexed","UNCAPTURED","100","warmup","2","3.745","1.879","1.834","100","","","","","","",""
"lock_hold","MySQL","indexed","UNCAPTURED","100","measured","3","3.183","1.688","1.475","100","","","","","","",""
"lock_hold","MySQL","indexed","UNCAPTURED","100","measured","4","3.661","1.952","1.676","100","","","","","","",""
"lock_hold","MySQL","indexed","UNCAPTURED","100","measured","5","3.855","2.047","1.782","100","","","","","","",""
"lock_hold","MySQL","indexed","UNCAPTURED","100","measured","6","4.352","1.857","2.472","100","","","","","","",""
"lock_hold","MySQL","indexed","UNCAPTURED","100","measured","7","3.310","1.761","1.523","100","","","","","","",""
"lock_hold","MySQL","indexed","UNCAPTURED","100","measured","8","3.390","1.698","1.661","100","","","","","","",""
"lock_hold","MySQL","indexed","UNCAPTURED","100","measured","9","3.345","1.850","1.474","100","","","","","","",""
"lock_hold","MySQL","indexed","UPDATE","1000","warmup","1","24.317","3.821","1.560","1000","","","","","","",""
"lock_hold","MySQL","indexed","UPDATE","1000","warmup","2","21.789","2.340","1.407","1000","","","","","","",""
"lock_hold","MySQL","indexed","UPDATE","1000","measured","3","19.719","1.956","1.361","1000","","","","","","",""
"lock_hold","MySQL","indexed","UPDATE","1000","measured","4","20.529","1.947","1.582","1000","","","","","","",""
"lock_hold","MySQL","indexed","UPDATE","1000","measured","5","22.586","2.287","1.702","1000","","","","","","",""
"lock_hold","MySQL","indexed","UPDATE","1000","measured","6","21.952","2.037","1.625","1000","","","","","","",""
"lock_hold","MySQL","indexed","UPDATE","1000","measured","7","21.230","2.240","1.667","1000","","","","","","",""
"lock_hold","MySQL","indexed","UPDATE","1000","measured","8","21.001","2.011","1.923","1000","","","","","","",""
"lock_hold","MySQL","indexed","UPDATE","1000","measured","9","19.921","2.068","1.456","1000","","","","","","",""
"lock_hold","MySQL","indexed","UNCAPTURED","1000","warmup","1","7.408","4.800","2.581","1000","","","","","","",""
"lock_hold","MySQL","indexed","UNCAPTURED","1000","warmup","2","6.744","4.813","1.906","1000","","","","","","",""
"lock_hold","MySQL","indexed","UNCAPTURED","1000","measured","3","16.933","4.791","12.124","1000","","","","","","",""
"lock_hold","MySQL","indexed","UNCAPTURED","1000","measured","4","6.250","4.714","1.518","1000","","","","","","",""
"lock_hold","MySQL","indexed","UNCAPTURED","1000","measured","5","6.463","4.631","1.785","1000","","","","","","",""
"lock_hold","MySQL","indexed","UNCAPTURED","1000","measured","6","6.766","5.199","1.549","1000","","","","","","",""
"lock_hold","MySQL","indexed","UNCAPTURED","1000","measured","7","6.110","4.684","1.396","1000","","","","","","",""
"lock_hold","MySQL","indexed","UNCAPTURED","1000","measured","8","6.379","4.968","1.393","1000","","","","","","",""
"lock_hold","MySQL","indexed","UNCAPTURED","1000","measured","9","13.738","4.811","8.897","1000","","","","","","",""
"lock_hold","MySQL","indexed","UPDATE","10000","warmup","1","158.698","8.371","2.794","10000","","","","","","",""
"lock_hold","MySQL","indexed","UPDATE","10000","warmup","2","153.338","8.282","2.901","10000","","","","","","",""
"lock_hold","MySQL","indexed","UPDATE","10000","measured","3","148.660","8.925","3.000","10000","","","","","","",""
"lock_hold","MySQL","indexed","UPDATE","10000","measured","4","145.234","8.093","3.527","10000","","","","","","",""
"lock_hold","MySQL","indexed","UPDATE","10000","measured","5","147.516","8.071","4.207","10000","","","","","","",""
"lock_hold","MySQL","indexed","UPDATE","10000","measured","6","164.086","8.223","4.507","10000","","","","","","",""
"lock_hold","MySQL","indexed","UPDATE","10000","measured","7","156.188","8.715","3.170","10000","","","","","","",""
"lock_hold","MySQL","indexed","UPDATE","10000","measured","8","212.247","8.500","3.912","10000","","","","","","",""
"lock_hold","MySQL","indexed","UPDATE","10000","measured","9","204.542","9.826","3.476","10000","","","","","","",""
"lock_hold","MySQL","indexed","UNCAPTURED","10000","warmup","1","35.576","32.978","2.511","10000","","","","","","",""
"lock_hold","MySQL","indexed","UNCAPTURED","10000","warmup","2","35.158","32.132","2.959","10000","","","","","","",""
"lock_hold","MySQL","indexed","UNCAPTURED","10000","measured","3","44.264","35.960","8.232","10000","","","","","","",""
"lock_hold","MySQL","indexed","UNCAPTURED","10000","measured","4","37.454","34.146","3.241","10000","","","","","","",""
"lock_hold","MySQL","indexed","UNCAPTURED","10000","measured","5","71.486","61.373","10.060","10000","","","","","","",""
"lock_hold","MySQL","indexed","UNCAPTURED","10000","measured","6","39.118","35.222","3.835","10000","","","","","","",""
"lock_hold","MySQL","indexed","UNCAPTURED","10000","measured","7","36.488","33.193","3.230","10000","","","","","","",""
"lock_hold","MySQL","indexed","UNCAPTURED","10000","measured","8","36.287","33.258","2.985","10000","","","","","","",""
"lock_hold","MySQL","indexed","UNCAPTURED","10000","measured","9","38.331","35.734","2.534","10000","","","","","","",""
"lock_hold","MySQL","unindexed","UPDATE","10","warmup","1","10.437","5.999","1.821","10","","","","","","",""
"lock_hold","MySQL","unindexed","UPDATE","10","warmup","2","9.982","5.870","1.698","10","","","","","","",""
"lock_hold","MySQL","unindexed","UPDATE","10","measured","3","9.623","6.173","1.279","10","","","","","","",""
"lock_hold","MySQL","unindexed","UPDATE","10","measured","4","10.219","6.060","1.905","10","","","","","","",""
"lock_hold","MySQL","unindexed","UPDATE","10","measured","5","9.500","5.824","1.514","10","","","","","","",""
"lock_hold","MySQL","unindexed","UPDATE","10","measured","6","9.709","5.971","1.623","10","","","","","","",""
"lock_hold","MySQL","unindexed","UPDATE","10","measured","7","9.093","5.918","1.329","10","","","","","","",""
"lock_hold","MySQL","unindexed","UPDATE","10","measured","8","9.564","5.872","1.759","10","","","","","","",""
"lock_hold","MySQL","unindexed","UPDATE","10","measured","9","10.016","5.897","1.586","10","","","","","","",""
"lock_hold","MySQL","unindexed","UNCAPTURED","10","warmup","1","2.584","1.113","1.454","10","","","","","","",""
"lock_hold","MySQL","unindexed","UNCAPTURED","10","warmup","2","2.917","1.277","1.614","10","","","","","","",""
"lock_hold","MySQL","unindexed","UNCAPTURED","10","measured","3","2.202","0.944","1.238","10","","","","","","",""
"lock_hold","MySQL","unindexed","UNCAPTURED","10","measured","4","3.093","1.247","1.824","10","","","","","","",""
"lock_hold","MySQL","unindexed","UNCAPTURED","10","measured","5","3.275","1.562","1.693","10","","","","","","",""
"lock_hold","MySQL","unindexed","UNCAPTURED","10","measured","6","2.703","1.114","1.571","10","","","","","","",""
"lock_hold","MySQL","unindexed","UNCAPTURED","10","measured","7","3.310","1.331","1.961","10","","","","","","",""
"lock_hold","MySQL","unindexed","UNCAPTURED","10","measured","8","3.175","1.426","1.728","10","","","","","","",""
"lock_hold","MySQL","unindexed","UNCAPTURED","10","measured","9","3.136","1.348","1.765","10","","","","","","",""
"lock_hold","MySQL","unindexed","UPDATE","100","warmup","1","11.943","6.593","2.016","100","","","","","","",""
"lock_hold","MySQL","unindexed","UPDATE","100","warmup","2","9.620","5.881","1.018","100","","","","","","",""
"lock_hold","MySQL","unindexed","UPDATE","100","measured","3","9.857","5.564","1.380","100","","","","","","",""
"lock_hold","MySQL","unindexed","UPDATE","100","measured","4","14.619","8.177","1.963","100","","","","","","",""
"lock_hold","MySQL","unindexed","UPDATE","100","measured","5","12.411","6.437","2.062","100","","","","","","",""
"lock_hold","MySQL","unindexed","UPDATE","100","measured","6","12.689","6.651","2.264","100","","","","","","",""
"lock_hold","MySQL","unindexed","UPDATE","100","measured","7","12.041","6.066","2.297","100","","","","","","",""
"lock_hold","MySQL","unindexed","UPDATE","100","measured","8","13.473","6.851","2.276","100","","","","","","",""
"lock_hold","MySQL","unindexed","UPDATE","100","measured","9","11.943","6.264","2.685","100","","","","","","",""
"lock_hold","MySQL","unindexed","UNCAPTURED","100","warmup","1","5.028","1.966","3.013","100","","","","","","",""
"lock_hold","MySQL","unindexed","UNCAPTURED","100","warmup","2","4.049","1.586","2.439","100","","","","","","",""
"lock_hold","MySQL","unindexed","UNCAPTURED","100","measured","3","3.451","1.659","1.768","100","","","","","","",""
"lock_hold","MySQL","unindexed","UNCAPTURED","100","measured","4","3.607","1.834","1.751","100","","","","","","",""
"lock_hold","MySQL","unindexed","UNCAPTURED","100","measured","5","3.759","1.821","1.919","100","","","","","","",""
"lock_hold","MySQL","unindexed","UNCAPTURED","100","measured","6","3.522","1.573","1.933","100","","","","","","",""
"lock_hold","MySQL","unindexed","UNCAPTURED","100","measured","7","3.638","1.677","1.943","100","","","","","","",""
"lock_hold","MySQL","unindexed","UNCAPTURED","100","measured","8","3.826","1.836","1.971","100","","","","","","",""
"lock_hold","MySQL","unindexed","UNCAPTURED","100","measured","9","3.860","1.867","1.971","100","","","","","","",""
"lock_hold","MySQL","unindexed","UPDATE","1000","warmup","1","24.449","6.010","1.967","1000","","","","","","",""
"lock_hold","MySQL","unindexed","UPDATE","1000","warmup","2","26.547","6.240","3.240","1000","","","","","","",""
"lock_hold","MySQL","unindexed","UPDATE","1000","measured","3","21.647","5.992","1.509","1000","","","","","","",""
"lock_hold","MySQL","unindexed","UPDATE","1000","measured","4","21.559","5.794","1.743","1000","","","","","","",""
"lock_hold","MySQL","unindexed","UPDATE","1000","measured","5","26.257","7.246","1.932","1000","","","","","","",""
"lock_hold","MySQL","unindexed","UPDATE","1000","measured","6","26.972","7.281","1.796","1000","","","","","","",""
"lock_hold","MySQL","unindexed","UPDATE","1000","measured","7","27.305","6.047","2.026","1000","","","","","","",""
"lock_hold","MySQL","unindexed","UPDATE","1000","measured","8","25.940","5.958","2.410","1000","","","","","","",""
"lock_hold","MySQL","unindexed","UPDATE","1000","measured","9","29.636","5.913","2.923","1000","","","","","","",""
"lock_hold","MySQL","unindexed","UNCAPTURED","1000","warmup","1","7.340","5.001","2.302","1000","","","","","","",""
"lock_hold","MySQL","unindexed","UNCAPTURED","1000","warmup","2","6.509","4.631","1.827","1000","","","","","","",""
"lock_hold","MySQL","unindexed","UNCAPTURED","1000","measured","3","6.960","4.909","2.003","1000","","","","","","",""
"lock_hold","MySQL","unindexed","UNCAPTURED","1000","measured","4","7.113","4.878","2.183","1000","","","","","","",""
"lock_hold","MySQL","unindexed","UNCAPTURED","1000","measured","5","7.079","4.773","2.262","1000","","","","","","",""
"lock_hold","MySQL","unindexed","UNCAPTURED","1000","measured","6","6.850","4.895","1.929","1000","","","","","","",""
"lock_hold","MySQL","unindexed","UNCAPTURED","1000","measured","7","6.450","4.896","1.524","1000","","","","","","",""
"lock_hold","MySQL","unindexed","UNCAPTURED","1000","measured","8","7.091","4.826","2.238","1000","","","","","","",""
"lock_hold","MySQL","unindexed","UNCAPTURED","1000","measured","9","6.476","4.685","1.763","1000","","","","","","",""
"lock_hold","MySQL","unindexed","UPDATE","10000","warmup","1","188.331","6.742","3.443","10000","","","","","","",""
"lock_hold","MySQL","unindexed","UPDATE","10000","warmup","2","188.652","7.332","4.022","10000","","","","","","",""
"lock_hold","MySQL","unindexed","UPDATE","10000","measured","3","162.803","8.741","4.028","10000","","","","","","",""
"lock_hold","MySQL","unindexed","UPDATE","10000","measured","4","152.897","6.823","3.090","10000","","","","","","",""
"lock_hold","MySQL","unindexed","UPDATE","10000","measured","5","166.451","7.043","3.350","10000","","","","","","",""
"lock_hold","MySQL","unindexed","UPDATE","10000","measured","6","154.513","7.193","3.194","10000","","","","","","",""
"lock_hold","MySQL","unindexed","UPDATE","10000","measured","7","144.497","6.400","3.227","10000","","","","","","",""
"lock_hold","MySQL","unindexed","UPDATE","10000","measured","8","209.744","7.003","4.523","10000","","","","","","",""
"lock_hold","MySQL","unindexed","UPDATE","10000","measured","9","158.750","6.692","3.575","10000","","","","","","",""
"lock_hold","MySQL","unindexed","UNCAPTURED","10000","warmup","1","36.720","34.388","2.287","10000","","","","","","",""
"lock_hold","MySQL","unindexed","UNCAPTURED","10000","warmup","2","36.096","32.050","3.990","10000","","","","","","",""
"lock_hold","MySQL","unindexed","UNCAPTURED","10000","measured","3","34.761","32.406","2.306","10000","","","","","","",""
"lock_hold","MySQL","unindexed","UNCAPTURED","10000","measured","4","36.493","33.704","2.732","10000","","","","","","",""
"lock_hold","MySQL","unindexed","UNCAPTURED","10000","measured","5","34.331","31.859","2.421","10000","","","","","","",""
"lock_hold","MySQL","unindexed","UNCAPTURED","10000","measured","6","37.781","34.152","3.580","10000","","","","","","",""
"lock_hold","MySQL","unindexed","UNCAPTURED","10000","measured","7","35.326","32.641","2.633","10000","","","","","","",""
"lock_hold","MySQL","unindexed","UNCAPTURED","10000","measured","8","34.682","31.869","2.758","10000","","","","","","",""
"lock_hold","MySQL","unindexed","UNCAPTURED","10000","measured","9","35.185","32.319","2.811","10000","","","","","","",""
"lock_hold","PostgreSQL","indexed","UPDATE","10","warmup","1","7.459","0.797","1.068","10","","","","","","",""
"lock_hold","PostgreSQL","indexed","UPDATE","10","warmup","2","6.098","1.231","1.077","10","","","","","","",""
"lock_hold","PostgreSQL","indexed","UPDATE","10","measured","3","5.750","0.911","0.892","10","","","","","","",""
"lock_hold","PostgreSQL","indexed","UPDATE","10","measured","4","5.415","0.823","0.996","10","","","","","","",""
"lock_hold","PostgreSQL","indexed","UPDATE","10","measured","5","4.569","0.867","0.724","10","","","","","","",""
"lock_hold","PostgreSQL","indexed","UPDATE","10","measured","6","4.809","0.751","0.834","10","","","","","","",""
"lock_hold","PostgreSQL","indexed","UPDATE","10","measured","7","5.365","0.756","0.927","10","","","","","","",""
"lock_hold","PostgreSQL","indexed","UPDATE","10","measured","8","5.519","0.819","1.076","10","","","","","","",""
"lock_hold","PostgreSQL","indexed","UPDATE","10","measured","9","5.746","1.060","0.852","10","","","","","","",""
"lock_hold","PostgreSQL","indexed","UNCAPTURED","10","warmup","1","1.694","0.972","0.709","10","","","","","","",""
"lock_hold","PostgreSQL","indexed","UNCAPTURED","10","warmup","2","1.912","0.938","0.962","10","","","","","","",""
"lock_hold","PostgreSQL","indexed","UNCAPTURED","10","measured","3","1.675","0.826","0.824","10","","","","","","",""
"lock_hold","PostgreSQL","indexed","UNCAPTURED","10","measured","4","1.803","0.900","0.893","10","","","","","","",""
"lock_hold","PostgreSQL","indexed","UNCAPTURED","10","measured","5","1.723","0.987","0.727","10","","","","","","",""
"lock_hold","PostgreSQL","indexed","UNCAPTURED","10","measured","6","1.710","0.930","0.767","10","","","","","","",""
"lock_hold","PostgreSQL","indexed","UNCAPTURED","10","measured","7","1.270","0.711","0.550","10","","","","","","",""
"lock_hold","PostgreSQL","indexed","UNCAPTURED","10","measured","8","1.587","0.705","0.874","10","","","","","","",""
"lock_hold","PostgreSQL","indexed","UNCAPTURED","10","measured","9","1.740","0.991","0.736","10","","","","","","",""
"lock_hold","PostgreSQL","indexed","UPDATE","100","warmup","1","6.076","0.898","1.056","100","","","","","","",""
"lock_hold","PostgreSQL","indexed","UPDATE","100","warmup","2","5.487","0.740","0.994","100","","","","","","",""
"lock_hold","PostgreSQL","indexed","UPDATE","100","measured","3","6.375","0.874","1.011","100","","","","","","",""
"lock_hold","PostgreSQL","indexed","UPDATE","100","measured","4","5.773","0.941","0.926","100","","","","","","",""
"lock_hold","PostgreSQL","indexed","UPDATE","100","measured","5","6.039","0.851","1.261","100","","","","","","",""
"lock_hold","PostgreSQL","indexed","UPDATE","100","measured","6","6.034","0.897","1.030","100","","","","","","",""
"lock_hold","PostgreSQL","indexed","UPDATE","100","measured","7","6.604","1.056","1.196","100","","","","","","",""
"lock_hold","PostgreSQL","indexed","UPDATE","100","measured","8","6.044","0.926","1.118","100","","","","","","",""
"lock_hold","PostgreSQL","indexed","UPDATE","100","measured","9","6.109","0.937","1.037","100","","","","","","",""
"lock_hold","PostgreSQL","indexed","UNCAPTURED","100","warmup","1","1.883","1.011","0.857","100","","","","","","",""
"lock_hold","PostgreSQL","indexed","UNCAPTURED","100","warmup","2","2.020","1.177","0.831","100","","","","","","",""
"lock_hold","PostgreSQL","indexed","UNCAPTURED","100","measured","3","1.627","0.914","0.697","100","","","","","","",""
"lock_hold","PostgreSQL","indexed","UNCAPTURED","100","measured","4","1.663","0.878","0.771","100","","","","","","",""
"lock_hold","PostgreSQL","indexed","UNCAPTURED","100","measured","5","1.967","1.046","0.908","100","","","","","","",""
"lock_hold","PostgreSQL","indexed","UNCAPTURED","100","measured","6","2.401","1.431","0.957","100","","","","","","",""
"lock_hold","PostgreSQL","indexed","UNCAPTURED","100","measured","7","2.014","1.064","0.929","100","","","","","","",""
"lock_hold","PostgreSQL","indexed","UNCAPTURED","100","measured","8","1.984","1.056","0.908","100","","","","","","",""
"lock_hold","PostgreSQL","indexed","UNCAPTURED","100","measured","9","2.192","1.252","0.928","100","","","","","","",""
"lock_hold","PostgreSQL","indexed","UPDATE","1000","warmup","1","24.949","1.714","1.904","1000","","","","","","",""
"lock_hold","PostgreSQL","indexed","UPDATE","1000","warmup","2","23.553","1.852","2.397","1000","","","","","","",""
"lock_hold","PostgreSQL","indexed","UPDATE","1000","measured","3","20.714","1.511","2.009","1000","","","","","","",""
"lock_hold","PostgreSQL","indexed","UPDATE","1000","measured","4","21.171","1.856","1.678","1000","","","","","","",""
"lock_hold","PostgreSQL","indexed","UPDATE","1000","measured","5","20.557","1.569","1.091","1000","","","","","","",""
"lock_hold","PostgreSQL","indexed","UPDATE","1000","measured","6","20.251","1.746","1.456","1000","","","","","","",""
"lock_hold","PostgreSQL","indexed","UPDATE","1000","measured","7","18.527","1.579","1.832","1000","","","","","","",""
"lock_hold","PostgreSQL","indexed","UPDATE","1000","measured","8","21.549","1.778","1.609","1000","","","","","","",""
"lock_hold","PostgreSQL","indexed","UPDATE","1000","measured","9","19.239","1.676","1.304","1000","","","","","","",""
"lock_hold","PostgreSQL","indexed","UNCAPTURED","1000","warmup","1","4.832","3.527","1.292","1000","","","","","","",""
"lock_hold","PostgreSQL","indexed","UNCAPTURED","1000","warmup","2","4.483","3.328","1.138","1000","","","","","","",""
"lock_hold","PostgreSQL","indexed","UNCAPTURED","1000","measured","3","4.612","2.970","1.627","1000","","","","","","",""
"lock_hold","PostgreSQL","indexed","UNCAPTURED","1000","measured","4","4.282","2.797","1.472","1000","","","","","","",""
"lock_hold","PostgreSQL","indexed","UNCAPTURED","1000","measured","5","3.872","2.530","1.329","1000","","","","","","",""
"lock_hold","PostgreSQL","indexed","UNCAPTURED","1000","measured","6","3.982","2.523","1.445","1000","","","","","","",""
"lock_hold","PostgreSQL","indexed","UNCAPTURED","1000","measured","7","4.052","2.556","1.471","1000","","","","","","",""
"lock_hold","PostgreSQL","indexed","UNCAPTURED","1000","measured","8","3.927","2.616","1.292","1000","","","","","","",""
"lock_hold","PostgreSQL","indexed","UNCAPTURED","1000","measured","9","3.699","2.157","1.523","1000","","","","","","",""
"lock_hold","PostgreSQL","indexed","UPDATE","10000","warmup","1","163.644","9.870","10.703","10000","","","","","","",""
"lock_hold","PostgreSQL","indexed","UPDATE","10000","warmup","2","154.554","8.962","15.018","10000","","","","","","",""
"lock_hold","PostgreSQL","indexed","UPDATE","10000","measured","3","145.815","8.007","7.339","10000","","","","","","",""
"lock_hold","PostgreSQL","indexed","UPDATE","10000","measured","4","142.396","8.294","5.538","10000","","","","","","",""
"lock_hold","PostgreSQL","indexed","UPDATE","10000","measured","5","147.533","9.358","1.050","10000","","","","","","",""
"lock_hold","PostgreSQL","indexed","UPDATE","10000","measured","6","151.715","8.053","8.706","10000","","","","","","",""
"lock_hold","PostgreSQL","indexed","UPDATE","10000","measured","7","150.261","7.769","7.772","10000","","","","","","",""
"lock_hold","PostgreSQL","indexed","UPDATE","10000","measured","8","145.962","7.349","1.092","10000","","","","","","",""
"lock_hold","PostgreSQL","indexed","UPDATE","10000","measured","9","147.060","8.982","7.233","10000","","","","","","",""
"lock_hold","PostgreSQL","indexed","UNCAPTURED","10000","warmup","1","32.310","27.128","5.154","10000","","","","","","",""
"lock_hold","PostgreSQL","indexed","UNCAPTURED","10000","warmup","2","38.694","29.107","9.559","10000","","","","","","",""
"lock_hold","PostgreSQL","indexed","UNCAPTURED","10000","measured","3","30.763","26.404","4.336","10000","","","","","","",""
"lock_hold","PostgreSQL","indexed","UNCAPTURED","10000","measured","4","33.969","27.326","6.619","10000","","","","","","",""
"lock_hold","PostgreSQL","indexed","UNCAPTURED","10000","measured","5","44.178","29.875","14.280","10000","","","","","","",""
"lock_hold","PostgreSQL","indexed","UNCAPTURED","10000","measured","6","37.911","26.879","10.973","10000","","","","","","",""
"lock_hold","PostgreSQL","indexed","UNCAPTURED","10000","measured","7","41.311","31.379","9.884","10000","","","","","","",""
"lock_hold","PostgreSQL","indexed","UNCAPTURED","10000","measured","8","33.574","26.586","6.949","10000","","","","","","",""
"lock_hold","PostgreSQL","indexed","UNCAPTURED","10000","measured","9","36.519","27.059","9.414","10000","","","","","","",""
"lock_hold","PostgreSQL","unindexed","UPDATE","10","warmup","1","6.725","2.938","0.968","10","","","","","","",""
"lock_hold","PostgreSQL","unindexed","UPDATE","10","warmup","2","7.026","2.888","0.852","10","","","","","","",""
"lock_hold","PostgreSQL","unindexed","UPDATE","10","measured","3","6.328","2.533","1.016","10","","","","","","",""
"lock_hold","PostgreSQL","unindexed","UPDATE","10","measured","4","6.324","2.437","0.833","10","","","","","","",""
"lock_hold","PostgreSQL","unindexed","UPDATE","10","measured","5","6.288","2.594","0.801","10","","","","","","",""
"lock_hold","PostgreSQL","unindexed","UPDATE","10","measured","6","6.694","2.797","0.978","10","","","","","","",""
"lock_hold","PostgreSQL","unindexed","UPDATE","10","measured","7","5.909","2.495","0.727","10","","","","","","",""
"lock_hold","PostgreSQL","unindexed","UPDATE","10","measured","8","6.345","2.644","0.764","10","","","","","","",""
"lock_hold","PostgreSQL","unindexed","UPDATE","10","measured","9","8.270","3.288","1.288","10","","","","","","",""
"lock_hold","PostgreSQL","unindexed","UNCAPTURED","10","warmup","1","1.762","0.883","0.865","10","","","","","","",""
"lock_hold","PostgreSQL","unindexed","UNCAPTURED","10","warmup","2","2.138","1.081","1.039","10","","","","","","",""
"lock_hold","PostgreSQL","unindexed","UNCAPTURED","10","measured","3","2.120","1.152","0.950","10","","","","","","",""
"lock_hold","PostgreSQL","unindexed","UNCAPTURED","10","measured","4","1.916","1.040","0.860","10","","","","","","",""
"lock_hold","PostgreSQL","unindexed","UNCAPTURED","10","measured","5","1.965","0.993","0.951","10","","","","","","",""
"lock_hold","PostgreSQL","unindexed","UNCAPTURED","10","measured","6","1.999","0.983","1.005","10","","","","","","",""
"lock_hold","PostgreSQL","unindexed","UNCAPTURED","10","measured","7","2.100","1.144","0.938","10","","","","","","",""
"lock_hold","PostgreSQL","unindexed","UNCAPTURED","10","measured","8","1.878","1.003","0.862","10","","","","","","",""
"lock_hold","PostgreSQL","unindexed","UNCAPTURED","10","measured","9","1.744","0.858","0.874","10","","","","","","",""
"lock_hold","PostgreSQL","unindexed","UPDATE","100","warmup","1","8.313","3.109","1.290","100","","","","","","",""
"lock_hold","PostgreSQL","unindexed","UPDATE","100","warmup","2","7.318","2.512","1.005","100","","","","","","",""
"lock_hold","PostgreSQL","unindexed","UPDATE","100","measured","3","8.119","2.655","1.287","100","","","","","","",""
"lock_hold","PostgreSQL","unindexed","UPDATE","100","measured","4","8.028","2.736","1.212","100","","","","","","",""
"lock_hold","PostgreSQL","unindexed","UPDATE","100","measured","5","7.752","2.775","1.014","100","","","","","","",""
"lock_hold","PostgreSQL","unindexed","UPDATE","100","measured","6","8.334","2.938","1.194","100","","","","","","",""
"lock_hold","PostgreSQL","unindexed","UPDATE","100","measured","7","7.981","2.902","1.114","100","","","","","","",""
"lock_hold","PostgreSQL","unindexed","UPDATE","100","measured","8","7.949","2.952","1.009","100","","","","","","",""
"lock_hold","PostgreSQL","unindexed","UPDATE","100","measured","9","7.543","2.575","1.187","100","","","","","","",""
"lock_hold","PostgreSQL","unindexed","UNCAPTURED","100","warmup","1","2.537","1.287","1.184","100","","","","","","",""
"lock_hold","PostgreSQL","unindexed","UNCAPTURED","100","warmup","2","2.744","1.478","1.222","100","","","","","","",""
"lock_hold","PostgreSQL","unindexed","UNCAPTURED","100","measured","3","2.153","0.926","1.206","100","","","","","","",""
"lock_hold","PostgreSQL","unindexed","UNCAPTURED","100","measured","4","2.433","1.201","1.210","100","","","","","","",""
"lock_hold","PostgreSQL","unindexed","UNCAPTURED","100","measured","5","2.117","0.993","1.104","100","","","","","","",""
"lock_hold","PostgreSQL","unindexed","UNCAPTURED","100","measured","6","2.235","1.123","1.090","100","","","","","","",""
"lock_hold","PostgreSQL","unindexed","UNCAPTURED","100","measured","7","2.440","1.300","1.120","100","","","","","","",""
"lock_hold","PostgreSQL","unindexed","UNCAPTURED","100","measured","8","2.064","0.913","1.128","100","","","","","","",""
"lock_hold","PostgreSQL","unindexed","UNCAPTURED","100","measured","9","2.508","1.167","1.324","100","","","","","","",""
"lock_hold","PostgreSQL","unindexed","UPDATE","1000","warmup","1","19.334","4.543","1.061","1000","","","","","","",""
"lock_hold","PostgreSQL","unindexed","UPDATE","1000","warmup","2","18.974","4.133","1.270","1000","","","","","","",""
"lock_hold","PostgreSQL","unindexed","UPDATE","1000","measured","3","19.568","3.896","1.288","1000","","","","","","",""
"lock_hold","PostgreSQL","unindexed","UPDATE","1000","measured","4","20.881","3.939","1.081","1000","","","","","","",""
"lock_hold","PostgreSQL","unindexed","UPDATE","1000","measured","5","19.884","3.261","1.406","1000","","","","","","",""
"lock_hold","PostgreSQL","unindexed","UPDATE","1000","measured","6","20.310","3.969","1.357","1000","","","","","","",""
"lock_hold","PostgreSQL","unindexed","UPDATE","1000","measured","7","19.704","3.778","1.355","1000","","","","","","",""
"lock_hold","PostgreSQL","unindexed","UPDATE","1000","measured","8","21.623","3.834","1.473","1000","","","","","","",""
"lock_hold","PostgreSQL","unindexed","UPDATE","1000","measured","9","18.926","3.211","1.282","1000","","","","","","",""
"lock_hold","PostgreSQL","unindexed","UNCAPTURED","1000","warmup","1","3.388","2.095","1.282","1000","","","","","","",""
"lock_hold","PostgreSQL","unindexed","UNCAPTURED","1000","warmup","2","3.343","2.205","1.121","1000","","","","","","",""
"lock_hold","PostgreSQL","unindexed","UNCAPTURED","1000","measured","3","3.292","2.128","1.153","1000","","","","","","",""
"lock_hold","PostgreSQL","unindexed","UNCAPTURED","1000","measured","4","3.210","2.051","1.146","1000","","","","","","",""
"lock_hold","PostgreSQL","unindexed","UNCAPTURED","1000","measured","5","2.985","1.978","0.996","1000","","","","","","",""
"lock_hold","PostgreSQL","unindexed","UNCAPTURED","1000","measured","6","3.556","2.269","1.271","1000","","","","","","",""
"lock_hold","PostgreSQL","unindexed","UNCAPTURED","1000","measured","7","3.182","1.934","1.231","1000","","","","","","",""
"lock_hold","PostgreSQL","unindexed","UNCAPTURED","1000","measured","8","3.081","1.909","1.159","1000","","","","","","",""
"lock_hold","PostgreSQL","unindexed","UNCAPTURED","1000","measured","9","3.209","2.039","1.152","1000","","","","","","",""
"lock_hold","PostgreSQL","unindexed","UPDATE","10000","warmup","1","131.397","7.412","8.092","10000","","","","","","",""
"lock_hold","PostgreSQL","unindexed","UPDATE","10000","warmup","2","138.556","8.384","4.756","10000","","","","","","",""
"lock_hold","PostgreSQL","unindexed","UPDATE","10000","measured","3","132.177","8.227","5.955","10000","","","","","","",""
"lock_hold","PostgreSQL","unindexed","UPDATE","10000","measured","4","141.331","7.564","4.917","10000","","","","","","",""
"lock_hold","PostgreSQL","unindexed","UPDATE","10000","measured","5","131.930","9.468","5.144","10000","","","","","","",""
"lock_hold","PostgreSQL","unindexed","UPDATE","10000","measured","6","140.866","9.340","7.940","10000","","","","","","",""
"lock_hold","PostgreSQL","unindexed","UPDATE","10000","measured","7","140.926","8.039","9.446","10000","","","","","","",""
"lock_hold","PostgreSQL","unindexed","UPDATE","10000","measured","8","140.965","8.478","9.234","10000","","","","","","",""
"lock_hold","PostgreSQL","unindexed","UPDATE","10000","measured","9","146.953","8.987","7.836","10000","","","","","","",""
"lock_hold","PostgreSQL","unindexed","UNCAPTURED","10000","warmup","1","28.637","22.973","5.605","10000","","","","","","",""
"lock_hold","PostgreSQL","unindexed","UNCAPTURED","10000","warmup","2","24.236","20.491","3.721","10000","","","","","","",""
"lock_hold","PostgreSQL","unindexed","UNCAPTURED","10000","measured","3","26.157","21.239","4.887","10000","","","","","","",""
"lock_hold","PostgreSQL","unindexed","UNCAPTURED","10000","measured","4","30.907","23.469","7.407","10000","","","","","","",""
"lock_hold","PostgreSQL","unindexed","UNCAPTURED","10000","measured","5","24.389","20.112","4.248","10000","","","","","","",""
"lock_hold","PostgreSQL","unindexed","UNCAPTURED","10000","measured","6","24.448","20.839","3.588","10000","","","","","","",""
"lock_hold","PostgreSQL","unindexed","UNCAPTURED","10000","measured","7","42.722","30.741","11.947","10000","","","","","","",""
"lock_hold","PostgreSQL","unindexed","UNCAPTURED","10000","measured","8","26.255","20.529","5.698","10000","","","","","","",""
"lock_hold","PostgreSQL","unindexed","UNCAPTURED","10000","measured","9","25.807","21.037","4.742","10000","","","","","","",""
"probe_baseline","MySQL","indexed","-","1000","measured","1","","","","","update_in_range","1.960","","SUCCESS","","",""
"probe_baseline","MySQL","indexed","-","1000","measured","2","","","","","update_in_range","2.208","","SUCCESS","","",""
"probe_baseline","MySQL","indexed","-","1000","measured","3","","","","","update_in_range","2.127","","SUCCESS","","",""
"probe_baseline","MySQL","indexed","-","1000","measured","1","","","","","update_out_of_range","1.756","","SUCCESS","","",""
"probe_baseline","MySQL","indexed","-","1000","measured","2","","","","","update_out_of_range","2.124","","SUCCESS","","",""
"probe_baseline","MySQL","indexed","-","1000","measured","3","","","","","update_out_of_range","2.373","","SUCCESS","","",""
"probe_baseline","MySQL","indexed","-","1000","measured","1","","","","","insert_in_range","2.462","","SUCCESS","","",""
"probe_baseline","MySQL","indexed","-","1000","measured","2","","","","","insert_in_range","2.068","","SUCCESS","","",""
"probe_baseline","MySQL","indexed","-","1000","measured","3","","","","","insert_in_range","1.731","","SUCCESS","","",""
"concurrent","MySQL","indexed","UPDATE","1000","measured","1","","","","","update_in_range","17.795","16.865","SUCCESS","","true",""
"concurrent","MySQL","indexed","UPDATE","1000","measured","2","","","","","update_in_range","18.386","17.515","SUCCESS","","true",""
"concurrent","MySQL","indexed","UPDATE","1000","measured","3","","","","","update_in_range","37.056","31.007","SUCCESS","","true",""
"concurrent","MySQL","indexed","UPDATE","1000","measured","1","","","","","update_out_of_range","2.243","17.948","SUCCESS","","true",""
"concurrent","MySQL","indexed","UPDATE","1000","measured","2","","","","","update_out_of_range","2.318","18.104","SUCCESS","","true",""
"concurrent","MySQL","indexed","UPDATE","1000","measured","3","","","","","update_out_of_range","4.072","15.960","SUCCESS","","true",""
"concurrent","MySQL","indexed","UPDATE","1000","measured","1","","","","","insert_in_range","24.279","23.224","SUCCESS","","true",""
"concurrent","MySQL","indexed","UPDATE","1000","measured","2","","","","","insert_in_range","19.040","17.914","SUCCESS","","true",""
"concurrent","MySQL","indexed","UPDATE","1000","measured","3","","","","","insert_in_range","22.102","20.707","SUCCESS","","true",""
"concurrent","MySQL","indexed","UNCAPTURED","1000","measured","1","","","","","update_in_range","3.638","2.060","SUCCESS","","true",""
"concurrent","MySQL","indexed","UNCAPTURED","1000","measured","2","","","","","update_in_range","2.558","1.664","SUCCESS","","true",""
"concurrent","MySQL","indexed","UNCAPTURED","1000","measured","3","","","","","update_in_range","3.670","2.462","SUCCESS","","true",""
"concurrent","MySQL","indexed","UNCAPTURED","1000","measured","1","","","","","update_out_of_range","2.351","1.806","SUCCESS","","true",""
"concurrent","MySQL","indexed","UNCAPTURED","1000","measured","2","","","","","update_out_of_range","2.592","2.191","SUCCESS","","true",""
"concurrent","MySQL","indexed","UNCAPTURED","1000","measured","3","","","","","update_out_of_range","2.354","1.717","SUCCESS","","true",""
"concurrent","MySQL","indexed","UNCAPTURED","1000","measured","1","","","","","insert_in_range","5.750","5.280","SUCCESS","","true",""
"concurrent","MySQL","indexed","UNCAPTURED","1000","measured","2","","","","","insert_in_range","3.564","2.892","SUCCESS","","true",""
"concurrent","MySQL","indexed","UNCAPTURED","1000","measured","3","","","","","insert_in_range","2.617","2.200","SUCCESS","","true",""
"probe_baseline","MySQL","unindexed","-","1000","measured","1","","","","","update_in_range","2.344","","SUCCESS","","",""
"probe_baseline","MySQL","unindexed","-","1000","measured","2","","","","","update_in_range","2.161","","SUCCESS","","",""
"probe_baseline","MySQL","unindexed","-","1000","measured","3","","","","","update_in_range","2.076","","SUCCESS","","",""
"probe_baseline","MySQL","unindexed","-","1000","measured","1","","","","","update_out_of_range","2.226","","SUCCESS","","",""
"probe_baseline","MySQL","unindexed","-","1000","measured","2","","","","","update_out_of_range","2.065","","SUCCESS","","",""
"probe_baseline","MySQL","unindexed","-","1000","measured","3","","","","","update_out_of_range","2.115","","SUCCESS","","",""
"probe_baseline","MySQL","unindexed","-","1000","measured","1","","","","","insert_in_range","2.506","","SUCCESS","","",""
"probe_baseline","MySQL","unindexed","-","1000","measured","2","","","","","insert_in_range","2.040","","SUCCESS","","",""
"probe_baseline","MySQL","unindexed","-","1000","measured","3","","","","","insert_in_range","1.371","","SUCCESS","","",""
"concurrent","MySQL","unindexed","UPDATE","1000","measured","1","","","","","update_in_range","17.654","16.888","SUCCESS","","true",""
"concurrent","MySQL","unindexed","UPDATE","1000","measured","2","","","","","update_in_range","17.304","16.330","SUCCESS","","true",""
"concurrent","MySQL","unindexed","UPDATE","1000","measured","3","","","","","update_in_range","17.179","16.097","SUCCESS","","true",""
"concurrent","MySQL","unindexed","UPDATE","1000","measured","1","","","","","update_out_of_range","18.544","17.367","SUCCESS","","true",""
"concurrent","MySQL","unindexed","UPDATE","1000","measured","2","","","","","update_out_of_range","18.450","17.425","SUCCESS","","true",""
"concurrent","MySQL","unindexed","UPDATE","1000","measured","3","","","","","update_out_of_range","20.036","18.873","SUCCESS","","true",""
"concurrent","MySQL","unindexed","UPDATE","1000","measured","1","","","","","insert_in_range","17.108","16.173","SUCCESS","","true",""
"concurrent","MySQL","unindexed","UPDATE","1000","measured","2","","","","","insert_in_range","19.285","18.449","SUCCESS","","true",""
"concurrent","MySQL","unindexed","UPDATE","1000","measured","3","","","","","insert_in_range","16.678","15.877","SUCCESS","","true",""
"concurrent","MySQL","unindexed","UNCAPTURED","1000","measured","1","","","","","update_in_range","3.069","1.916","SUCCESS","","true",""
"concurrent","MySQL","unindexed","UNCAPTURED","1000","measured","2","","","","","update_in_range","3.070","2.005","SUCCESS","","true",""
"concurrent","MySQL","unindexed","UNCAPTURED","1000","measured","3","","","","","update_in_range","2.636","1.819","SUCCESS","","true",""
"concurrent","MySQL","unindexed","UNCAPTURED","1000","measured","1","","","","","update_out_of_range","1.842","1.500","SUCCESS","","true",""
"concurrent","MySQL","unindexed","UNCAPTURED","1000","measured","2","","","","","update_out_of_range","2.632","2.124","SUCCESS","","true",""
"concurrent","MySQL","unindexed","UNCAPTURED","1000","measured","3","","","","","update_out_of_range","3.429","3.242","SUCCESS","","true",""
"concurrent","MySQL","unindexed","UNCAPTURED","1000","measured","1","","","","","insert_in_range","2.658","2.072","SUCCESS","","true",""
"concurrent","MySQL","unindexed","UNCAPTURED","1000","measured","2","","","","","insert_in_range","2.724","2.294","SUCCESS","","true",""
"concurrent","MySQL","unindexed","UNCAPTURED","1000","measured","3","","","","","insert_in_range","2.115","1.591","SUCCESS","","true",""
"probe_baseline","PostgreSQL","indexed","-","1000","measured","1","","","","","update_in_range","1.197","","SUCCESS","","",""
"probe_baseline","PostgreSQL","indexed","-","1000","measured","2","","","","","update_in_range","1.219","","SUCCESS","","",""
"probe_baseline","PostgreSQL","indexed","-","1000","measured","3","","","","","update_in_range","1.421","","SUCCESS","","",""
"probe_baseline","PostgreSQL","indexed","-","1000","measured","1","","","","","update_out_of_range","1.347","","SUCCESS","","",""
"probe_baseline","PostgreSQL","indexed","-","1000","measured","2","","","","","update_out_of_range","1.525","","SUCCESS","","",""
"probe_baseline","PostgreSQL","indexed","-","1000","measured","3","","","","","update_out_of_range","1.076","","SUCCESS","","",""
"probe_baseline","PostgreSQL","indexed","-","1000","measured","1","","","","","insert_in_range","1.319","","SUCCESS","","",""
"probe_baseline","PostgreSQL","indexed","-","1000","measured","2","","","","","insert_in_range","1.012","","SUCCESS","","",""
"probe_baseline","PostgreSQL","indexed","-","1000","measured","3","","","","","insert_in_range","1.084","","SUCCESS","","",""
"concurrent","PostgreSQL","indexed","UPDATE","1000","measured","1","","","","","update_in_range","52.922","51.828","SUCCESS","","true",""
"concurrent","PostgreSQL","indexed","UPDATE","1000","measured","2","","","","","update_in_range","16.983","16.663","SUCCESS","","true",""
"concurrent","PostgreSQL","indexed","UPDATE","1000","measured","3","","","","","update_in_range","17.005","16.711","SUCCESS","","true",""
"concurrent","PostgreSQL","indexed","UPDATE","1000","measured","1","","","","","update_out_of_range","1.334","14.571","SUCCESS","","true",""
"concurrent","PostgreSQL","indexed","UPDATE","1000","measured","2","","","","","update_out_of_range","1.615","16.030","SUCCESS","","true",""
"concurrent","PostgreSQL","indexed","UPDATE","1000","measured","3","","","","","update_out_of_range","1.579","16.675","SUCCESS","","true",""
"concurrent","PostgreSQL","indexed","UPDATE","1000","measured","1","","","","","insert_in_range","1.377","17.955","SUCCESS","","true",""
"concurrent","PostgreSQL","indexed","UPDATE","1000","measured","2","","","","","insert_in_range","1.306","16.921","SUCCESS","","true",""
"concurrent","PostgreSQL","indexed","UPDATE","1000","measured","3","","","","","insert_in_range","1.207","16.268","SUCCESS","","true",""
"concurrent","PostgreSQL","indexed","UNCAPTURED","1000","measured","1","","","","","update_in_range","1.539","1.206","SUCCESS","","true",""
"concurrent","PostgreSQL","indexed","UNCAPTURED","1000","measured","2","","","","","update_in_range","2.174","1.722","SUCCESS","","true",""
"concurrent","PostgreSQL","indexed","UNCAPTURED","1000","measured","3","","","","","update_in_range","1.530","1.204","SUCCESS","","true",""
"concurrent","PostgreSQL","indexed","UNCAPTURED","1000","measured","1","","","","","update_out_of_range","1.567","1.302","SUCCESS","","true",""
"concurrent","PostgreSQL","indexed","UNCAPTURED","1000","measured","2","","","","","update_out_of_range","1.413","1.050","SUCCESS","","true",""
"concurrent","PostgreSQL","indexed","UNCAPTURED","1000","measured","3","","","","","update_out_of_range","1.476","1.131","SUCCESS","","true",""
"concurrent","PostgreSQL","indexed","UNCAPTURED","1000","measured","1","","","","","insert_in_range","1.272","1.010","SUCCESS","","true",""
"concurrent","PostgreSQL","indexed","UNCAPTURED","1000","measured","2","","","","","insert_in_range","1.183","0.963","SUCCESS","","true",""
"concurrent","PostgreSQL","indexed","UNCAPTURED","1000","measured","3","","","","","insert_in_range","1.521","1.275","SUCCESS","","true",""
"probe_baseline","PostgreSQL","unindexed","-","1000","measured","1","","","","","update_in_range","1.269","","SUCCESS","","",""
"probe_baseline","PostgreSQL","unindexed","-","1000","measured","2","","","","","update_in_range","1.575","","SUCCESS","","",""
"probe_baseline","PostgreSQL","unindexed","-","1000","measured","3","","","","","update_in_range","2.638","","SUCCESS","","",""
"probe_baseline","PostgreSQL","unindexed","-","1000","measured","1","","","","","update_out_of_range","1.377","","SUCCESS","","",""
"probe_baseline","PostgreSQL","unindexed","-","1000","measured","2","","","","","update_out_of_range","1.428","","SUCCESS","","",""
"probe_baseline","PostgreSQL","unindexed","-","1000","measured","3","","","","","update_out_of_range","1.376","","SUCCESS","","",""
"probe_baseline","PostgreSQL","unindexed","-","1000","measured","1","","","","","insert_in_range","1.303","","SUCCESS","","",""
"probe_baseline","PostgreSQL","unindexed","-","1000","measured","2","","","","","insert_in_range","0.977","","SUCCESS","","",""
"probe_baseline","PostgreSQL","unindexed","-","1000","measured","3","","","","","insert_in_range","1.089","","SUCCESS","","",""
"concurrent","PostgreSQL","unindexed","UPDATE","1000","measured","1","","","","","update_in_range","22.404","21.973","SUCCESS","","true",""
"concurrent","PostgreSQL","unindexed","UPDATE","1000","measured","2","","","","","update_in_range","17.732","17.453","SUCCESS","","true",""
"concurrent","PostgreSQL","unindexed","UPDATE","1000","measured","3","","","","","update_in_range","17.286","16.834","SUCCESS","","true",""
"concurrent","PostgreSQL","unindexed","UPDATE","1000","measured","1","","","","","update_out_of_range","2.156","17.290","SUCCESS","","true",""
"concurrent","PostgreSQL","unindexed","UPDATE","1000","measured","2","","","","","update_out_of_range","1.655","16.317","SUCCESS","","true",""
"concurrent","PostgreSQL","unindexed","UPDATE","1000","measured","3","","","","","update_out_of_range","1.278","14.322","SUCCESS","","true",""
"concurrent","PostgreSQL","unindexed","UPDATE","1000","measured","1","","","","","insert_in_range","1.695","17.812","SUCCESS","","true",""
"concurrent","PostgreSQL","unindexed","UPDATE","1000","measured","2","","","","","insert_in_range","1.843","18.409","SUCCESS","","true",""
"concurrent","PostgreSQL","unindexed","UPDATE","1000","measured","3","","","","","insert_in_range","1.517","22.041","SUCCESS","","true",""
"concurrent","PostgreSQL","unindexed","UNCAPTURED","1000","measured","1","","","","","update_in_range","2.976","2.178","SUCCESS","","true",""
"concurrent","PostgreSQL","unindexed","UNCAPTURED","1000","measured","2","","","","","update_in_range","1.968","1.705","SUCCESS","","true",""
"concurrent","PostgreSQL","unindexed","UNCAPTURED","1000","measured","3","","","","","update_in_range","1.864","1.479","SUCCESS","","true",""
"concurrent","PostgreSQL","unindexed","UNCAPTURED","1000","measured","1","","","","","update_out_of_range","1.510","1.145","SUCCESS","","true",""
"concurrent","PostgreSQL","unindexed","UNCAPTURED","1000","measured","2","","","","","update_out_of_range","1.502","1.241","SUCCESS","","true",""
"concurrent","PostgreSQL","unindexed","UNCAPTURED","1000","measured","3","","","","","update_out_of_range","1.395","1.139","SUCCESS","","true",""
"concurrent","PostgreSQL","unindexed","UNCAPTURED","1000","measured","1","","","","","insert_in_range","1.745","1.256","SUCCESS","","true",""
"concurrent","PostgreSQL","unindexed","UNCAPTURED","1000","measured","2","","","","","insert_in_range","4.135","4.081","SUCCESS","","true",""
"concurrent","PostgreSQL","unindexed","UNCAPTURED","1000","measured","3","","","","","insert_in_range","1.858","1.671","SUCCESS","","true",""
